<?xml version="1.0" encoding="utf-8"?>
<?xml-stylesheet type="text/xsl" href="//assets/xslt/atom.xslt" ?>
<?xml-stylesheet type="text/css" href="//assets/css/atom.css" ?>
<feed xmlns="http://www.w3.org/2005/Atom">
	<id>https://data4democracy.github.io/datafordemocracy.org//</id>
	<title>Data for Democracy</title>
	<updated>2017-01-27T22:06:22-05:00</updated>

	<subtitle>Data for Democracy is a community of data people volunteering on social impact projects.</subtitle>

	
		
		<author>
			
				<name>d4d</name>
			
			
			
				<uri>http://datafordemocracy.org/</uri>
			
		</author>
	

	<link href="https://data4democracy.github.io/datafordemocracy.org//atom.xml" rel="self" type="application/rss+xml" />
	<link href="https://data4democracy.github.io/datafordemocracy.org//" rel="alternate" type="text/html" />

	<generator uri="http://jekyllrb.com" version="3.3.1">Jekyll</generator>

	
</feed>