<?xml version="1.0" encoding="UTF-8"?>
<?xml-stylesheet type="text/xsl" href="https://data4democracy.github.io/datafordemocracy.org//assets/xslt/rss.xslt" ?>
<?xml-stylesheet type="text/css" href="https://data4democracy.github.io/datafordemocracy.org//assets/css/rss.css" ?>
<rss version="2.0" xmlns:atom="http://www.w3.org/2005/Atom">
	<channel>
		<title>Data for Democracy</title>
		<description>Data for Democracy is a community of data people volunteering on social impact projects.</description>
		<link>https://data4democracy.github.io/datafordemocracy.org//</link>
		<atom:link href="https://data4democracy.github.io/datafordemocracy.org//feed.xml" rel="self" type="application/rss+xml" />
		
	</channel>
</rss>
